,llama3,mistral,phi
name,0.9318181818181815,0.9999999999999997,0.977272727272727
email,0.9999999999999997,0.9999999999999997,0.9999999999999997
phone,0.9999999999999997,0.9969696969696967,0.9999999999999997
education,0.9992780748663098,0.9978571428571426,0.9971275783040486
experience,0.49999999999999983,0.49999999999999983,0.499517906336088
skills,0.7135954782484868,0.7095036947826651,0.7157048297003155
overall,0.8180272118081112,0.8266443219640646,0.8248462134440155
