Field,mean,std,min,max,count
education,0.9992780748663102,0.0033861290244714608,0.9841176470588235,1.0,22
email,1.0,0.0,1.0,1.0,22
experience,0.5,0.0,0.5,0.5,22
name,0.9318181818181818,0.23378126454803783,0.0,1.0,22
overall,0.818027211808111,0.038115581455560654,0.675,0.86375,22
phone,1.0,0.0,1.0,1.0,22
skills,0.7135954782484869,0.04977002446249583,0.59375,0.855,22
