Field,mean,std,min,max,count
education,0.9978571428571429,0.007347411171509745,0.9685714285714286,1.0,22
email,1.0,0.0,1.0,1.0,22
experience,0.5,0.0,0.5,0.5,22
name,1.0,0.0,1.0,1.0,22
overall,0.8266443219640646,0.012246303076319114,0.7984375,0.867125,22
phone,0.996969696969697,0.014213381090374016,0.9333333333333333,1.0,22
skills,0.709503694782665,0.047659124875366006,0.59375,0.8685,22
