Field,mean,std,min,max,count
education,0.997127578304049,0.00929729582048827,0.9682352941176472,1.0,22
email,1.0,0.0,1.0,1.0,22
experience,0.49951790633608817,0.0022612197189231433,0.4893939393939394,0.5,22
name,0.9772727272727273,0.10660035817780521,0.5,1.0,22
overall,0.8248462134440153,0.020385369894193133,0.7514705882352942,0.8688636363636364,22
phone,1.0,0.0,1.0,1.0,22
skills,0.7157048297003153,0.04835196065762217,0.609375,0.8754545454545454,22
